Player,Pos,Age,Tm,G,GS,MP,FG,FGA,FG%,3P,3PA,3P%,2P,2PA,2P%,eFG%,FT,FTA,FT%,ORB,DRB,TRB,AST,STL,BLK,TOV,PF,PS/G
Zaid Abdul-Aziz,PF-C,31,TOT,16,,9.9,1.4,3.8,.383,,,,1.4,3.8,.383,.383,1.1,1.4,.739,1.2,1.9,3.1,0.6,0.2,0.2,0.9,1.8,3.9
Zaid Abdul-Aziz,C,31,BOS,2,,12.0,1.5,6.5,.231,,,,1.5,6.5,.231,.231,1.0,1.5,.667,3.0,4.5,7.5,1.5,0.5,0.5,1.5,2.0,4.0
Zaid Abdul-Aziz,PF,31,HOU,14,,9.6,1.4,3.4,.426,,,,1.4,3.4,.426,.426,1.1,1.4,.750,0.9,1.6,2.5,0.5,0.1,0.1,0.8,1.8,3.9
Kareem Abdul-Jabbar,C,30,LAL,62,,36.5,10.7,19.4,.550,,,,10.7,19.4,.550,.550,4.4,5.6,.783,3.0,9.9,12.9,4.3,1.7,3.0,3.4,2.9,25.8
Tom Abernethy,SF,23,LAL,73,,18.0,2.8,5.5,.498,,,,2.8,5.5,.498,.498,1.2,1.5,.820,1.4,2.2,3.6,1.4,0.8,0.3,0.7,1.7,6.8
Alvan Adams,C,23,PHO,70,,27.3,6.2,12.8,.485,,,,6.2,12.8,.485,.485,3.1,4.2,.730,2.3,5.8,8.1,3.2,1.2,0.9,3.3,3.5,15.5
Lucius Allen,PG,30,KCK,77,,27.9,4.8,11.0,.441,,,,4.8,11.0,.441,.441,2.3,2.9,.791,0.9,2.1,3.0,4.7,1.2,0.4,2.8,2.3,11.9
Jim Ard,C,29,TOT,15,,8.3,0.5,1.1,.471,,,,0.5,1.1,.471,.471,0.2,0.3,.600,0.6,1.8,2.4,0.5,0.0,0.0,0.9,1.3,1.3
Jim Ard,C,29,BOS,1,,9.0,0.0,1.0,.000,,,,0.0,1.0,.000,.000,1.0,2.0,.500,1.0,3.0,4.0,1.0,0.0,0.0,0.0,1.0,1.0
Jim Ard,C,29,CHI,14,,8.3,0.6,1.1,.500,,,,0.6,1.1,.500,.500,0.1,0.2,.667,0.6,1.7,2.3,0.5,0.0,0.0,1.0,1.3,1.3
Tate Armstrong,SG,22,CHI,66,,10.8,2.0,4.2,.468,,,,2.0,4.2,.468,.468,0.3,0.4,.815,0.4,0.7,1.0,1.1,0.3,0.0,0.9,0.6,4.3
Bird Averitt,SG,25,TOT,55,,19.7,3.6,8.8,.409,,,,3.6,8.8,.409,.409,1.8,2.6,.709,0.3,1.2,1.5,3.6,0.7,0.2,2.6,2.2,9.0
Bird Averitt,SG,25,NJN,21,,19.5,3.3,9.0,.367,,,,3.3,9.0,.367,.367,1.7,2.1,.800,0.3,1.2,1.6,3.2,0.8,0.0,2.6,1.8,8.3
Bird Averitt,SG,25,BUF,34,,19.9,3.8,8.7,.436,,,,3.8,8.7,.436,.436,1.9,2.8,.667,0.3,1.2,1.5,3.8,0.6,0.2,2.6,2.5,9.5
Dennis Awtrey,C,29,PHO,81,,20.0,1.4,3.3,.424,,,,1.4,3.3,.424,.424,0.9,1.3,.633,1.2,2.5,3.7,2.0,0.2,0.3,1.6,1.9,3.6
Gus Bailey,SG,26,NOJ,48,,9.4,1.2,2.9,.424,,,,1.2,2.9,.424,.424,0.8,1.4,.552,0.9,0.8,1.7,0.8,0.4,0.3,0.7,1.0,3.2
Greg Ballard,SF,23,WSB,76,,12.3,1.9,4.4,.425,,,,1.9,4.4,.425,.425,1.2,1.5,.772,1.3,2.2,3.5,0.8,0.4,0.2,0.8,1.2,4.9
Mike Bantom,SF,26,IND,82,,33.8,6.1,12.8,.479,,,,6.1,12.8,.479,.479,3.1,4.2,.743,2.2,5.2,7.4,2.9,1.2,0.6,2.7,4.1,15.3
Marvin Barnes,PF,25,TOT,60,,27.4,4.7,11.0,.422,,,,4.7,11.0,.422,.422,2.1,3.0,.703,2.3,5.1,7.3,2.3,1.1,1.4,2.3,4.0,11.4
Marvin Barnes,PF,25,DET,12,,22.4,4.4,9.8,.449,,,,4.4,9.8,.449,.449,1.2,2.4,.483,2.3,5.3,7.6,1.6,0.6,0.9,2.4,3.6,10.0
Marvin Barnes,PF,25,BUF,48,,28.7,4.7,11.3,.416,,,,4.7,11.3,.416,.416,2.4,3.2,.745,2.2,5.0,7.3,2.4,1.2,1.5,2.2,4.1,11.8
Rick Barry,SF,33,GSW,82,,36.9,9.3,20.6,.451,,,,9.3,20.6,.451,.451,4.6,5.0,.924,0.9,4.6,5.5,5.4,1.9,0.5,2.7,2.3,23.1
Tim Bassett,PF,26,NJN,65,,22.7,2.3,5.9,.388,,,,2.3,5.9,.388,.388,0.8,1.5,.515,2.2,4.0,6.2,1.0,1.0,0.5,1.2,2.8,5.4
Butch Beard,PG,30,NYK,79,,25.1,3.9,7.8,.502,,,,3.9,7.8,.502,.502,1.6,2.0,.806,1.0,2.4,3.3,4.3,1.5,0.0,1.9,2.5,9.4
Ron Behagen,PF,27,TOT,80,,21.7,4.3,10.1,.430,,,,4.3,10.1,.430,.430,2.2,3.1,.725,2.5,3.9,6.4,1.3,0.8,0.4,2.2,3.3,10.9
Ron Behagen,PF,27,ATL,26,,22.0,4.5,9.6,.470,,,,4.5,9.6,.470,.470,2.0,2.7,.729,2.0,4.6,6.7,1.3,1.2,0.5,2.2,3.7,11.0
Ron Behagen,PF,27,HOU,3,,11.0,2.3,3.7,.636,,,,2.3,3.7,.636,.636,0.0,0.3,.000,0.7,1.7,2.3,0.7,0.0,0.0,1.0,2.0,4.7
Ron Behagen,PF,27,IND,51,,22.2,4.4,10.7,.408,,,,4.4,10.7,.408,.408,2.5,3.5,.727,2.9,3.7,6.5,1.3,0.6,0.4,2.2,3.1,11.2
Mel Bennett,PF,23,IND,31,,9.2,0.7,2.6,.284,,,,0.7,2.6,.284,.284,0.9,1.5,.622,1.6,1.4,3.0,0.7,0.4,0.2,1.0,1.7,2.4
Kent Benson,C,23,MIL,69,,18.7,3.2,6.9,.465,,,,3.2,6.9,.465,.465,1.3,2.0,.652,1.3,3.0,4.3,1.4,1.0,0.8,1.7,2.6,7.7
Henry Bibby,PG,28,PHI,82,,30.7,3.5,8.0,.434,,,,3.5,8.0,.434,.434,2.1,2.7,.781,0.8,2.3,3.1,5.7,1.1,0.1,1.9,2.5,9.1
Bob Bigelow,SF,24,TOT,5,,4.8,0.8,2.6,.308,,,,0.8,2.6,.308,.308,0.0,0.0,,0.6,1.2,1.8,0.0,0.0,0.0,0.0,0.6,1.6
Bob Bigelow,SF,24,KCK,1,,7.0,1.0,1.0,1.000,,,,1.0,1.0,1.000,1.000,0.0,0.0,,2.0,3.0,5.0,0.0,0.0,0.0,0.0,2.0,2.0
Bob Bigelow,SF,24,BOS,4,,4.3,0.8,3.0,.250,,,,0.8,3.0,.250,.250,0.0,0.0,,0.3,0.8,1.0,0.0,0.0,0.0,0.0,0.3,1.5
Dave Bing,PG,34,BOS,80,,28.2,5.3,11.8,.449,,,,5.3,11.8,.449,.449,3.1,3.7,.824,1.0,1.7,2.7,3.8,1.0,0.2,2.7,3.1,13.6
Otis Birdsong,SG,22,KCK,73,,25.7,6.4,13.1,.492,,,,6.4,13.1,.492,.492,3.0,4.2,.697,1.0,1.4,2.4,2.4,1.0,0.2,2.0,2.5,15.8
Tom Boerwinkle,C,32,CHI,22,,10.3,1.0,2.3,.460,,,,1.0,2.3,.460,.460,0.5,0.6,.769,0.6,2.0,2.7,2.0,0.1,0.2,1.2,1.6,2.5
Phil Bond,SG,23,HOU,7,,3.0,0.3,0.9,.333,,,,0.3,0.9,.333,.333,0.0,0.0,,0.1,0.4,0.6,0.3,0.1,0.0,0.3,0.1,0.6
Ron Boone,SG,31,KCK,82,,32.4,6.9,15.5,.443,,,,6.9,15.5,.443,.443,3.9,4.6,.854,1.4,1.9,3.3,3.8,1.3,0.1,3.7,2.8,17.7
Jim Bostic,PF,25,DET,4,,12.0,3.0,5.5,.545,,,,3.0,5.5,.545,.545,0.5,1.3,.400,2.0,2.0,4.0,0.8,0.0,0.0,0.8,1.3,6.5
Tom Boswell,PF,24,BOS,65,,17.7,2.8,5.5,.518,,,,2.8,5.5,.518,.518,1.4,1.9,.756,1.8,2.6,4.4,1.1,0.4,0.2,1.5,3.1,7.1
Freddie Boyd,SG,27,NOJ,21,,17.3,2.1,5.2,.400,,,,2.1,5.2,.400,.400,0.7,1.0,.636,0.1,0.8,0.9,2.3,0.4,0.1,1.0,1.1,4.9
Alonzo Bradley,SF,24,HOU,43,,18.6,3.0,7.1,.428,,,,3.0,7.1,.428,.428,1.0,1.4,.729,0.6,1.7,2.3,1.3,0.4,0.1,1.3,1.9,7.0
Mike Bratz,PG,22,PHO,80,,11.7,2.0,4.9,.403,,,,2.0,4.9,.403,.403,0.7,0.9,.824,0.5,0.9,1.4,1.5,0.5,0.1,1.1,1.3,4.7
Jim Brewer,PF,26,CLE,80,,22.5,2.2,4.9,.449,,,,2.2,4.9,.449,.449,0.6,1.3,.460,2.3,3.9,6.2,1.2,0.8,0.6,1.3,2.2,5.0
Junior Bridgeman,SF,24,MIL,82,,22.9,5.8,11.5,.503,,,,5.8,11.5,.503,.503,2.0,2.5,.810,1.4,2.1,3.5,2.1,0.9,0.4,2.1,2.5,13.6
Allan Bristow,SF,26,SAS,82,,18.1,3.1,6.6,.478,,,,3.1,6.6,.478,.478,1.9,2.5,.731,1.2,1.9,3.1,2.4,0.8,0.0,1.8,1.8,8.1
Wayman Britt,SG,25,DET,7,,2.3,0.4,1.4,.300,,,,0.4,1.4,.300,.300,0.4,0.6,.750,0.1,0.4,0.6,0.3,0.1,0.0,0.1,0.4,1.3
Gary Brokaw,SG,24,BUF,13,,10.0,1.4,3.3,.419,,,,1.4,3.3,.419,.419,1.4,1.8,.750,0.2,0.7,0.9,1.5,0.2,0.4,0.9,0.8,4.2
Fred Brown,SG,29,SEA,72,,27.3,7.1,14.5,.488,,,,7.1,14.5,.488,.488,2.4,2.7,.898,0.8,1.8,2.6,3.3,1.5,0.3,2.3,2.0,16.6
John Brown,SF,26,ATL,75,,21.3,2.6,5.4,.474,,,,2.6,5.4,.474,.474,2.2,2.7,.825,1.8,2.2,4.0,1.4,0.7,0.1,1.5,3.7,7.3
Joe Bryant,PF,23,PHI,81,,15.3,2.3,5.4,.436,,,,2.3,5.4,.436,.436,1.4,1.8,.771,1.3,2.2,3.5,1.6,0.7,0.3,1.4,2.3,6.1
Quinn Buckner,PG,23,MIL,82,,25.3,3.8,8.2,.468,,,,3.8,8.2,.468,.468,1.6,2.5,.645,1.0,2.1,3.0,5.6,2.3,0.2,2.8,3.5,9.3
Ticky Burden,SG,24,NYK,2,,7.5,0.5,1.0,.500,,,,0.5,1.0,.500,.500,0.0,0.0,,0.0,0.0,0.0,0.5,0.5,0.0,0.0,0.5,1.0
Tom Burleson,C,25,KCK,76,,20.1,3.0,6.9,.434,,,,3.0,6.9,.434,.434,2.6,3.3,.794,2.2,4.1,6.3,1.7,0.8,1.1,1.6,3.4,8.6
Don Buse,PG,27,PHO,82,,31.1,3.5,7.6,.458,,,,3.5,7.6,.458,.458,1.4,1.7,.824,0.7,2.3,3.0,4.8,2.3,0.2,1.5,1.8,8.4
Corky Calhoun,SF,27,POR,79,,17.3,2.2,4.6,.479,,,,2.2,4.6,.479,.479,0.8,1.0,.868,0.9,1.8,2.7,1.1,0.5,0.2,0.8,1.8,5.3
Mack Calvin,PG,30,DEN,77,,12.8,1.9,4.3,.441,,,,1.9,4.3,.441,.441,2.2,2.7,.840,0.1,0.9,1.1,1.9,0.6,0.1,1.4,1.1,6.1
Austin Carr,SG,29,CLE,82,,26.7,5.0,11.5,.438,,,,5.0,11.5,.438,.438,2.2,2.7,.813,0.9,1.4,2.3,2.7,0.8,0.2,1.8,2.0,12.3
Kenny Carr,PF,22,LAL,52,,14.1,2.6,5.8,.444,,,,2.6,5.8,.444,.444,1.1,1.6,.647,1.0,3.0,4.0,0.5,0.3,0.3,1.7,2.4,6.2
M.L. Carr,SF,27,DET,79,,32.4,4.9,10.8,.455,,,,4.9,10.8,.455,.455,2.5,3.4,.738,2.6,4.5,7.1,2.3,1.9,0.3,2.7,3.1,12.4
Bob Carrington,SG,24,TOT,72,,23.0,3.5,8.2,.430,,,,3.5,8.2,.430,.430,1.8,2.4,.760,1.0,1.4,2.4,1.6,0.9,0.3,1.6,2.8,8.8
Bob Carrington,SG,24,NJN,37,,27.9,4.2,10.6,.401,,,,4.2,10.6,.401,.401,1.9,2.6,.742,1.1,1.9,3.0,1.5,1.2,0.3,1.8,3.6,10.4
Bob Carrington,SG,24,IND,35,,17.7,2.7,5.6,.487,,,,2.7,5.6,.487,.487,1.7,2.1,.784,0.8,1.0,1.8,1.8,0.6,0.3,1.5,2.1,7.1
Harvey Catchings,C,26,PHI,61,,12.3,1.1,2.9,.393,,,,1.1,2.9,.393,.393,0.6,0.9,.618,1.7,2.4,4.1,0.6,0.3,1.1,0.7,2.0,2.9
Don Chaney,SG,31,TOT,51,,16.4,2.0,5.3,.387,,,,2.0,5.3,.387,.387,0.7,0.9,.844,0.8,1.5,2.3,1.3,0.9,0.3,1.2,2.1,4.8
Don Chaney,SG,31,LAL,9,,14.8,1.4,4.0,.361,,,,1.4,4.0,.361,.361,0.6,0.7,.833,0.4,0.8,1.2,1.9,0.9,0.3,1.2,1.6,3.4
Don Chaney,SG,31,BOS,42,,16.7,2.2,5.5,.391,,,,2.2,5.5,.391,.391,0.8,0.9,.846,0.9,1.6,2.5,1.2,0.9,0.2,1.2,2.2,5.1
Ken Charles,SG,26,ATL,21,,24.8,3.5,8.8,.397,,,,3.5,8.8,.397,.397,2.0,2.4,.840,0.3,0.9,1.1,3.9,1.2,0.2,1.8,2.5,9.0
Phil Chenier,SG,27,WSB,36,,26.0,5.6,12.5,.443,,,,5.6,12.5,.443,.443,3.0,3.8,.790,0.4,2.4,2.8,2.0,1.0,0.3,1.9,1.5,14.1
Jim Chones,C,28,CLE,82,,35.4,6.4,13.6,.472,,,,6.4,13.6,.472,.472,2.2,3.0,.720,2.7,7.6,10.3,1.6,0.6,0.7,2.2,2.9,15.0
Jim Cleamons,PG,28,NYK,79,,25.4,2.7,5.7,.480,,,,2.7,5.7,.480,.480,1.0,1.3,.786,0.9,1.8,2.7,3.6,0.9,0.2,1.4,1.8,6.5
E.C. Coleman,PF,27,GSW,72,,25.0,2.9,6.2,.475,,,,2.9,6.2,.475,.475,0.6,0.8,.727,1.6,3.6,5.2,1.4,0.9,0.3,1.3,3.5,6.4
Doug Collins,SG,26,PHI,79,,35.1,8.1,15.5,.526,,,,8.1,15.5,.526,.526,3.4,4.2,.812,1.1,1.8,2.9,4.1,1.6,0.3,3.2,2.9,19.7
Norm Cook,SF,22,DEN,2,,5.0,0.5,1.5,.333,,,,0.5,1.5,.333,.333,0.0,0.0,,0.5,1.0,1.5,0.5,0.0,0.0,0.0,2.0,1.0
Dave Cowens,C,29,BOS,77,,41.8,7.8,15.8,.490,,,,7.8,15.8,.490,.490,3.1,3.7,.842,3.2,10.8,14.0,4.6,1.3,0.9,2.8,3.9,18.6
Wesley Cox,SF,23,GSW,43,,10.5,1.6,4.0,.399,,,,1.6,4.0,.399,.399,1.3,2.3,.580,1.0,2.3,3.3,0.3,0.5,0.2,0.8,1.9,4.6
Charlie Criss,PG,29,ATL,77,,25.1,4.1,9.8,.425,,,,4.1,9.8,.425,.425,3.1,3.8,.797,0.3,1.3,1.6,3.8,1.4,0.1,1.9,1.9,11.4
Mark Crow,SF,23,NJN,15,,10.3,2.3,5.3,.438,,,,2.3,5.3,.438,.438,0.9,1.3,.700,0.9,0.9,1.8,0.5,0.3,0.1,0.8,1.6,5.6
Louie Dampier,PG,33,SAS,82,,24.8,4.1,8.0,.509,,,,4.1,8.0,.509,.509,0.9,1.2,.752,0.3,1.2,1.5,3.5,1.1,0.2,1.2,1.0,9.1
Bob Dandridge,SF,30,WSB,75,,37.0,7.5,15.9,.471,,,,7.5,15.9,.471,.471,4.4,5.6,.788,1.8,4.1,5.9,3.8,1.3,0.6,3.2,3.5,19.3
Adrian Dantley,SF,21,TOT,79,,37.1,7.3,14.3,.512,,,,7.3,14.3,.512,.512,6.8,8.6,.796,3.4,4.5,7.8,3.2,1.5,0.3,2.9,2.9,21.5
Adrian Dantley,SF,21,IND,23,,41.2,8.7,17.5,.499,,,,8.7,17.5,.499,.499,9.0,11.4,.787,4.1,5.3,9.4,2.8,2.1,0.7,2.9,3.3,26.5
Adrian Dantley,SF,21,LAL,56,,35.4,6.7,12.9,.520,,,,6.7,12.9,.520,.520,6.0,7.4,.801,3.1,4.2,7.2,3.4,1.3,0.1,2.9,2.8,19.4
Brad Davis,PG,22,LAL,33,,10.1,0.9,2.2,.417,,,,0.9,2.2,.417,.417,0.7,0.9,.759,0.1,0.9,1.1,2.5,0.5,0.1,1.1,1.2,2.5
Johnny Davis,SG,22,POR,82,,26.7,4.2,9.2,.454,,,,4.2,9.2,.454,.454,2.3,2.8,.828,0.8,1.3,2.1,2.6,1.0,0.2,1.8,2.1,10.7
Walter Davis,SF,23,PHO,81,,32.0,9.7,18.4,.526,,,,9.7,18.4,.526,.526,4.8,5.8,.830,2.0,4.0,6.0,3.4,1.4,0.2,3.5,3.0,24.2
Darryl Dawkins,C,21,PHI,70,,24.6,4.7,8.2,.575,,,,4.7,8.2,.575,.575,2.2,3.1,.709,1.7,6.3,7.9,1.2,0.5,1.8,1.8,3.8,11.7
Derrek Dickey,PF,26,TOT,47,,10.5,1.9,4.2,.439,,,,1.9,4.2,.439,.439,0.6,0.8,.833,0.8,1.3,2.1,0.4,0.3,0.1,0.9,1.2,4.3
Derrek Dickey,PF,26,GSW,22,,12.4,2.7,5.9,.462,,,,2.7,5.9,.462,.462,0.7,0.8,.941,1.0,1.3,2.2,0.5,0.5,0.1,0.8,1.3,6.2
Derrek Dickey,PF,26,CHI,25,,8.8,1.1,2.7,.397,,,,1.1,2.7,.397,.397,0.6,0.8,.737,0.6,1.3,1.9,0.4,0.2,0.1,0.9,1.1,2.7
Coby Dietrick,PF,29,SAS,79,,23.7,3.2,6.9,.460,,,,3.2,6.9,.460,.460,1.1,1.4,.781,0.9,3.6,4.5,2.7,1.0,0.7,1.8,2.9,7.5
Ernie DiGregorio,PG,27,TOT,52,,11.7,1.7,4.0,.421,,,,1.7,4.0,.421,.421,0.5,0.6,.848,0.1,0.8,1.0,2.6,0.3,0.0,1.8,0.8,3.9
Ernie DiGregorio,PG,27,LAL,25,,13.3,1.6,4.0,.410,,,,1.6,4.0,.410,.410,0.6,0.8,.800,0.2,0.7,0.9,2.8,0.2,0.0,1.8,0.9,3.9
Ernie DiGregorio,PG,27,BOS,27,,10.1,1.7,4.0,.431,,,,1.7,4.0,.431,.431,0.4,0.5,.923,0.1,0.9,1.0,2.4,0.4,0.0,1.7,0.8,3.9
Jacky Dorsey,SF,23,TOT,11,,8.0,1.1,2.8,.387,,,,1.1,2.8,.387,.387,0.9,1.5,.625,1.0,1.7,2.7,0.5,0.2,0.3,0.5,1.5,3.1
Jacky Dorsey,SF,23,DEN,7,,5.3,0.4,1.7,.250,,,,0.4,1.7,.250,.250,0.4,0.7,.600,0.7,2.1,2.9,0.3,0.3,0.3,0.4,1.3,1.3
Jacky Dorsey,SF,23,POR,4,,12.8,2.3,4.8,.474,,,,2.3,4.8,.474,.474,1.8,2.8,.636,1.5,1.0,2.5,0.8,0.0,0.3,0.8,2.0,6.3
Leon Douglas,C,23,DET,79,,25.2,4.1,8.4,.481,,,,4.1,8.4,.481,.481,2.8,4.4,.641,2.3,5.1,7.4,1.4,0.7,0.6,2.5,3.7,10.9
John Drew,SF,23,ATL,70,,31.5,8.5,17.7,.480,,,,8.5,17.7,.480,.480,6.2,8.2,.760,3.0,4.3,7.3,2.0,1.7,0.4,3.0,3.5,23.2
Charles Dudley,PG,27,GSW,78,,21.3,1.6,3.2,.510,,,,1.6,3.2,.510,.510,1.8,2.5,.708,1.1,2.6,3.7,5.2,0.9,0.0,2.1,2.3,5.0
Mike Dunleavy,PG,23,TOT,15,,7.9,1.3,3.3,.400,,,,1.3,3.3,.400,.400,0.9,1.2,.722,0.1,0.6,0.7,1.9,0.6,0.1,0.8,0.8,3.5
Mike Dunleavy,PG,23,PHI,4,,4.3,0.8,1.8,.429,,,,0.8,1.8,.429,.429,0.5,0.5,1.000,0.0,0.3,0.3,1.5,0.3,0.0,0.8,0.0,2.0
Mike Dunleavy,PG,23,HOU,11,,9.3,1.5,3.9,.395,,,,1.5,3.9,.395,.395,1.0,1.5,.688,0.1,0.7,0.8,2.0,0.7,0.1,0.8,1.1,4.1
T.R. Dunn,SG,22,POR,63,,12.2,1.6,3.8,.417,,,,1.6,3.8,.417,.417,0.6,0.9,.661,1.0,1.3,2.3,0.7,0.7,0.1,0.6,1.2,3.8
Jim Eakins,C,31,TOT,33,,12.3,1.3,2.6,.512,,,,1.3,2.6,.512,.512,1.5,1.8,.833,0.9,1.4,2.3,0.9,0.2,0.5,1.0,2.2,4.2
Jim Eakins,C,31,SAS,16,,15.7,1.9,3.3,.577,,,,1.9,3.3,.577,.577,1.8,2.1,.853,1.1,1.8,2.9,1.1,0.2,0.6,1.5,2.9,5.6
Jim Eakins,C,31,MIL,17,,9.1,0.8,2.0,.412,,,,0.8,2.0,.412,.412,1.2,1.5,.808,0.7,1.0,1.7,0.7,0.2,0.4,0.5,1.5,2.9
Al Eberhard,SF,25,DET,37,,15.6,1.9,4.3,.444,,,,1.9,4.3,.444,.444,1.1,1.6,.672,1.0,1.8,2.8,0.7,0.4,0.1,0.6,1.7,4.9
James Edwards,C,22,TOT,83,,29.0,6.0,13.2,.453,,,,6.0,13.2,.453,.453,3.3,5.1,.646,2.4,5.0,7.4,1.0,0.6,0.9,2.0,3.9,15.2
James Edwards,C,22,LAL,25,,28.9,5.8,12.6,.459,,,,5.8,12.6,.459,.459,3.2,5.0,.640,1.8,5.4,7.2,1.2,0.6,1.1,2.3,3.6,14.8
James Edwards,C,22,IND,58,,29.0,6.0,13.4,.450,,,,6.0,13.4,.450,.450,3.3,5.1,.649,2.6,4.9,7.5,1.0,0.6,0.9,1.9,4.0,15.4
Bo Ellis,PF,23,DEN,78,,15.6,1.7,4.1,.416,,,,1.7,4.1,.416,.416,0.9,1.3,.692,1.5,2.4,3.9,0.9,0.6,0.6,1.3,2.7,4.3
Len Elmore,C,25,IND,69,,19.2,2.1,5.6,.368,,,,2.1,5.6,.368,.368,1.3,1.9,.667,2.0,4.1,6.1,1.2,1.1,1.0,1.1,2.5,5.4
Alex English,SF,24,MIL,82,,18.9,4.2,7.7,.542,,,,4.2,7.7,.542,.542,1.3,1.7,.727,1.8,3.1,4.8,1.6,0.5,0.7,1.7,2.2,9.6
Julius Erving,SF,27,PHI,74,,32.8,8.3,16.4,.502,,,,8.3,16.4,.502,.502,4.1,4.9,.845,2.4,4.1,6.5,3.8,1.8,1.3,3.2,2.8,20.6
Al Fleming,SF,23,SEA,20,,4.9,0.8,1.6,.484,,,,0.8,1.6,.484,.484,0.5,0.9,.588,0.7,0.9,1.5,0.4,0.0,0.3,0.8,0.8,2.0
Mike Flynn,PG,24,IND,71,,13.5,1.7,3.8,.449,,,,1.7,3.8,.449,.449,0.8,1.4,.567,0.7,1.0,1.6,2.0,0.6,0.1,1.1,0.7,4.2
Chris Ford,SG,29,DET,82,,31.5,4.6,9.5,.481,,,,4.6,9.5,.481,.481,1.4,1.9,.734,1.4,1.8,3.3,4.6,2.0,0.2,2.8,2.2,10.5
Don Ford,PF,25,LAL,79,,24.6,3.4,7.3,.472,,,,3.4,7.3,.472,.472,0.9,1.1,.756,1.3,3.1,4.5,1.8,0.9,0.6,1.1,2.7,7.7
Bayard Forrest,C,23,PHO,64,,13.9,1.7,3.7,.466,,,,1.7,3.7,.466,.466,0.8,1.6,.476,1.3,2.6,3.9,2.0,0.4,0.5,1.3,1.6,4.2
Walt Frazier,PG,32,CLE,51,,32.6,6.6,14.0,.471,,,,6.6,14.0,.471,.471,3.0,3.5,.850,1.1,3.0,4.1,4.1,1.5,0.3,2.2,2.4,16.2
World B. Free,SG,24,PHI,76,,27.0,5.1,11.3,.455,,,,5.1,11.3,.455,.455,5.4,7.4,.731,1.2,1.6,2.8,4.0,0.9,0.5,2.6,2.6,15.7
Terry Furlow,SG,23,CLE,53,,15.6,3.6,8.4,.433,,,,3.6,8.4,.433,.433,1.7,1.9,.889,0.9,1.1,2.0,1.4,0.4,0.3,1.5,1.3,8.9
Mike Gale,SG,27,SAS,70,,29.9,3.9,8.3,.473,,,,3.9,8.3,.473,.473,1.2,1.4,.870,0.8,2.4,3.2,5.4,2.3,0.4,2.5,2.4,9.1
Gus Gerard,SF,24,TOT,57,,15.6,3.0,6.9,.430,,,,3.0,6.9,.430,.430,1.3,1.9,.694,1.0,1.8,2.8,0.9,0.6,0.4,1.1,1.9,7.3
Gus Gerard,SF,24,BUF,10,,8.5,1.6,4.0,.400,,,,1.6,4.0,.400,.400,1.1,1.5,.733,0.6,0.8,1.4,0.9,0.2,0.3,0.7,1.3,4.3
Gus Gerard,SF,24,DET,47,,17.1,3.3,7.6,.434,,,,3.3,7.6,.434,.434,1.4,2.0,.688,1.0,2.1,3.1,0.9,0.7,0.5,1.1,2.0,7.9
George Gervin,SG,25,SAS,82,,34.8,10.5,19.6,.536,,,,10.5,19.6,.536,.536,6.1,7.4,.830,1.4,3.7,5.1,3.7,1.7,1.3,3.7,3.1,27.2
John Gianelli,C,27,MIL,82,,28.4,3.7,7.7,.488,,,,3.7,7.7,.488,.488,1.0,1.5,.642,2.0,4.2,6.2,2.3,0.7,1.1,1.8,2.3,8.5
Artis Gilmore,C,28,CHI,82,,37.4,8.6,15.4,.559,,,,8.6,15.4,.559,.559,5.7,8.2,.704,3.9,9.2,13.1,3.2,0.5,2.2,4.5,3.2,22.9
Mike Glenn,SG,22,BUF,56,,16.9,3.5,6.6,.527,,,,3.5,6.6,.527,.527,0.9,1.2,.785,0.3,1.2,1.4,1.4,0.6,0.1,0.9,1.8,7.9
Glen Gondrezick,SF,22,NYK,72,,14.1,1.8,4.7,.386,,,,1.8,4.7,.386,.386,1.2,1.7,.686,1.3,2.2,3.5,1.2,0.8,0.3,1.1,2.5,4.8
Gail Goodrich,SG,34,NOJ,81,,31.5,6.4,13.0,.495,,,,6.4,13.0,.495,.495,3.3,4.1,.795,0.9,1.3,2.2,4.8,1.0,0.3,2.5,2.3,16.1
Mike Green,C,26,TOT,72,,19.2,3.3,7.1,.463,,,,3.3,7.1,.463,.463,1.5,2.0,.754,1.8,3.2,5.0,1.1,0.4,1.4,1.5,2.7,8.1
Mike Green,C,26,SEA,9,,27.8,4.8,9.7,.494,,,,4.8,9.7,.494,.494,2.3,3.4,.677,2.4,3.7,6.1,1.1,0.7,1.4,2.4,2.9,11.9
Mike Green,C,26,SAS,63,,18.0,3.1,6.8,.457,,,,3.1,6.8,.457,.457,1.4,1.8,.775,1.7,3.1,4.8,1.0,0.4,1.4,1.3,2.7,7.6
Rickey Green,PG,23,GSW,76,,14.4,1.9,4.9,.381,,,,1.9,4.9,.381,.381,0.7,1.2,.600,0.6,0.9,1.5,2.0,0.8,0.0,1.0,1.3,4.5
Steve Green,SF,24,IND,44,,10.2,1.3,2.9,.438,,,,1.3,2.9,.438,.438,0.9,1.3,.696,0.7,0.9,1.6,0.7,0.3,0.0,0.5,1.5,3.4
Kevin Grevey,SF,24,WSB,81,,26.2,6.2,13.9,.448,,,,6.2,13.9,.448,.448,3.0,3.8,.789,1.5,2.0,3.6,1.9,0.8,0.2,2.0,2.5,15.5
Greg Griffin,SF,25,PHO,36,,11.7,1.7,4.7,.361,,,,1.7,4.7,.361,.361,0.6,1.0,.639,1.2,1.6,2.9,0.7,0.4,0.0,1.1,1.6,4.0
Paul Griffin,PF,24,NOJ,82,,22.6,2.0,4.4,.447,,,,2.0,4.4,.447,.447,1.4,1.9,.713,1.9,4.3,6.2,2.1,1.1,0.5,1.8,2.8,5.3
Bob Gross,SF,24,POR,72,,30.0,5.3,10.0,.529,,,,5.3,10.0,.529,.529,2.1,2.6,.800,2.5,3.1,5.6,3.5,1.4,0.7,2.5,3.3,12.7
Ernie Grunfeld,SG,22,MIL,73,,17.3,2.8,6.3,.443,,,,2.8,6.3,.443,.443,1.3,2.0,.657,1.0,1.7,2.7,2.0,0.7,0.3,1.3,2.1,6.9
Glenn Hansen,SG,25,TOT,5,,2.6,0.0,1.4,.000,,,,0.0,1.4,.000,.000,0.0,0.0,,0.2,0.0,0.2,0.2,0.2,0.0,0.2,0.6,0.0
Glenn Hansen,SG,25,CHI,2,,2.0,0.0,1.0,.000,,,,0.0,1.0,.000,.000,0.0,0.0,,0.0,0.0,0.0,0.0,0.0,0.0,0.5,0.0,0.0
Glenn Hansen,SG,25,KCK,3,,3.0,0.0,1.7,.000,,,,0.0,1.7,.000,.000,0.0,0.0,,0.3,0.0,0.3,0.3,0.3,0.0,0.0,1.0,0.0
Joe Hassett,SG,22,SEA,48,,8.4,1.9,4.3,.444,,,,1.9,4.3,.444,.444,0.2,0.3,.833,0.3,0.5,0.8,0.9,0.4,0.0,0.7,0.9,4.0
John Havlicek,SF,37,BOS,82,,34.1,6.7,14.8,.449,,,,6.7,14.8,.449,.449,2.8,3.3,.855,1.1,2.9,4.0,4.0,1.1,0.3,2.5,2.3,16.1
Steve Hawes,PF,27,ATL,75,,31.0,5.2,11.4,.453,,,,5.2,11.4,.453,.453,2.3,2.9,.818,2.4,6.8,9.2,2.5,1.0,0.8,2.0,3.1,12.7
Robert Hawkins,SG,23,NJN,15,,22.9,4.6,10.0,.460,,,,4.6,10.0,.460,.460,1.7,1.9,.862,1.4,1.9,3.3,2.5,1.5,0.9,2.9,3.4,10.9
Elvin Hayes,PF,32,WSB,81,,40.1,7.9,17.4,.451,,,,7.9,17.4,.451,.451,4.0,6.3,.634,4.1,9.1,13.3,1.8,1.2,2.0,2.8,3.9,19.7
Spencer Haywood,PF,28,NYK,67,,26.3,6.1,12.7,.484,,,,6.1,12.7,.484,.484,1.4,2.0,.711,2.1,4.5,6.6,1.9,0.6,1.1,2.1,2.8,13.7
Gar Heard,PF,29,PHO,80,,26.2,3.3,7.8,.424,,,,3.3,7.8,.424,.424,1.1,1.8,.612,2.1,6.1,8.2,1.7,1.6,1.3,1.5,2.7,7.8
Tom Henderson,PG,26,WSB,75,,30.9,4.5,10.5,.432,,,,4.5,10.5,.432,.432,2.4,3.2,.746,0.9,1.7,2.6,5.4,1.2,0.2,2.6,1.7,11.4
Armond Hill,PG,24,ATL,82,,30.9,3.7,8.9,.415,,,,3.7,8.9,.415,.415,2.3,2.7,.848,0.7,2.1,2.8,5.2,1.8,0.2,2.9,3.7,9.7
Darnell Hillman,PF,28,TOT,78,,25.2,4.4,9.1,.479,,,,4.4,9.1,.479,.479,2.1,3.7,.584,2.6,4.8,7.4,1.3,0.8,1.0,2.2,3.7,10.9
Darnell Hillman,PF,28,NJN,45,,27.1,5.2,11.1,.471,,,,5.2,11.1,.471,.471,2.6,4.6,.576,2.8,4.7,7.5,1.1,1.1,1.0,2.4,3.6,13.1
Darnell Hillman,PF,28,DEN,33,,22.6,3.2,6.3,.498,,,,3.2,6.3,.498,.498,1.5,2.5,.605,2.2,5.0,7.2,1.6,0.4,1.1,2.0,3.9,7.8
Wilbur Holland,SG,26,CHI,82,,35.2,6.9,15.7,.443,,,,6.9,15.7,.443,.443,2.7,3.4,.799,1.3,2.3,3.6,3.8,2.0,0.2,2.7,3.1,16.6
Lionel Hollins,PG,24,POR,81,,33.8,6.6,14.8,.442,,,,6.6,14.8,.442,.442,2.8,3.7,.743,1.0,2.4,3.4,4.7,1.9,0.4,3.0,3.3,15.9
Lou Hudson,SG,33,LAL,82,,27.8,6.0,12.1,.497,,,,6.0,12.1,.497,.497,1.7,2.2,.774,1.0,1.3,2.3,2.4,1.1,0.2,1.8,2.4,13.7
Kim Hughes,C,25,NJN,56,,15.3,1.0,2.9,.356,,,,1.0,2.9,.356,.356,0.2,0.5,.310,1.7,2.6,4.3,0.7,0.9,0.9,1.0,2.9,2.2
Dan Issel,C,29,DEN,82,,34.8,8.0,15.7,.512,,,,8.0,15.7,.512,.512,5.2,6.7,.782,3.1,7.0,10.1,3.7,1.2,0.5,3.2,3.4,21.3
Phil Jackson,PF,32,NYK,63,,10.4,0.9,1.8,.478,,,,0.9,1.8,.478,.478,0.7,0.9,.768,0.5,1.3,1.7,0.7,0.5,0.2,0.7,1.7,2.4
Aaron James,SF,25,NOJ,80,,26.5,5.4,10.8,.497,,,,5.4,10.8,.497,.497,1.5,2.0,.745,2.0,3.2,5.3,1.4,0.5,0.3,1.6,3.2,12.2
Charles Johnson,SG,28,TOT,71,,18.3,3.3,8.2,.408,,,,3.3,8.2,.408,.408,0.7,0.9,.803,0.6,1.6,2.2,1.8,0.9,0.1,1.0,1.8,7.4
Charles Johnson,SG,28,GSW,32,,15.4,3.0,7.3,.409,,,,3.0,7.3,.409,.409,0.2,0.3,.700,0.7,1.2,1.9,1.5,1.0,0.1,0.7,1.7,6.2
Charles Johnson,SG,28,WSB,39,,20.7,3.6,8.9,.408,,,,3.6,8.9,.408,.408,1.1,1.3,.824,0.5,1.9,2.4,2.1,0.8,0.0,1.3,1.9,8.3
Dennis Johnson,SG,23,SEA,81,,27.3,4.5,10.9,.417,,,,4.5,10.9,.417,.417,3.7,5.0,.732,1.9,1.8,3.6,2.8,1.5,0.6,2.0,2.6,12.7
Eddie Johnson,SG,22,ATL,79,,23.7,4.2,8.7,.484,,,,4.2,8.7,.484,.484,2.1,2.5,.816,0.6,1.3,1.9,3.0,1.3,0.1,2.1,2.9,10.5
George Johnson,C,29,NJN,81,,29.8,3.5,8.9,.395,,,,3.5,8.9,.395,.395,1.6,2.3,.719,3.0,6.6,9.6,1.4,1.0,3.4,2.7,4.2,8.7
John Johnson,SF,30,TOT,77,,23.7,4.4,10.7,.415,,,,4.4,10.7,.415,.415,1.7,2.3,.751,1.3,2.7,4.0,2.7,0.6,0.2,2.2,2.6,10.6
John Johnson,SF,30,HOU,1,,11.0,1.0,4.0,.250,,,,1.0,4.0,.250,.250,2.0,3.0,.667,2.0,1.0,3.0,1.0,0.0,0.0,3.0,3.0,4.0
John Johnson,SF,30,SEA,76,,23.8,4.5,10.8,.416,,,,4.5,10.8,.416,.416,1.7,2.3,.753,1.3,2.7,4.0,2.8,0.6,0.3,2.2,2.6,10.7
Larry Johnson,SG,23,BUF,4,,9.5,0.8,3.3,.231,,,,0.8,3.3,.231,.231,0.0,0.5,.000,0.3,1.0,1.3,1.8,1.3,0.5,0.8,0.8,1.5
Marques Johnson,SF,21,MIL,80,,34.6,7.9,15.1,.522,,,,7.9,15.1,.522,.522,3.8,5.1,.736,3.7,6.9,10.6,2.4,1.2,1.3,2.2,2.8,19.5
Mickey Johnson,PF,25,CHI,81,,35.4,6.9,15.0,.462,,,,6.9,15.0,.462,.462,4.5,5.5,.812,2.7,6.4,9.1,3.3,1.1,0.8,3.3,3.9,18.3
Ollie Johnson,SF,28,ATL,82,,20.8,3.6,7.5,.472,,,,3.6,7.5,.472,.472,1.4,1.6,.854,1.1,2.1,3.2,1.5,1.0,0.4,1.3,2.2,8.5
Bobby Jones,PF,26,DEN,75,,32.5,5.9,10.1,.578,,,,5.9,10.1,.578,.578,2.8,3.7,.751,2.2,6.3,8.5,3.4,1.8,1.7,2.6,2.9,14.5
Caldwell Jones,C,27,PHI,80,,20.5,2.1,4.5,.471,,,,2.1,4.5,.471,.471,1.2,1.9,.627,2.1,5.1,7.1,1.2,0.3,1.6,1.6,3.5,5.4
Dwight Jones,PF,25,HOU,82,,30.2,4.2,9.5,.445,,,,4.2,9.5,.445,.445,2.2,2.8,.777,2.6,5.2,7.8,1.3,0.9,0.5,2.0,3.2,10.6
Robin Jones,C,23,HOU,12,,5.5,0.9,1.7,.550,,,,0.9,1.7,.550,.550,0.3,0.8,.400,0.4,0.8,1.2,0.2,0.1,0.1,0.6,1.3,2.2
Wil Jones,PF,30,BUF,79,,21.7,2.9,6.5,.440,,,,2.9,6.5,.440,.440,1.1,1.5,.706,1.3,2.9,4.2,1.5,0.9,0.5,1.7,3.2,6.8
Eddie Jordan,PG,23,TOT,73,,16.6,2.9,7.4,.400,,,,2.9,7.4,.400,.400,1.8,2.3,.784,0.5,1.2,1.6,2.4,1.7,0.3,1.5,1.3,7.7
Eddie Jordan,PG,23,CLE,22,,7.8,0.9,2.5,.339,,,,0.9,2.5,.339,.339,0.5,0.7,.750,0.1,0.4,0.5,1.5,0.5,0.0,0.6,0.5,2.3
Eddie Jordan,PG,23,NJN,51,,20.4,3.8,9.5,.407,,,,3.8,9.5,.407,.407,2.3,3.0,.788,0.6,1.5,2.1,2.8,2.2,0.4,1.8,1.6,10.0
George Karl,PG,25,SAS,4,,7.5,0.5,1.5,.333,,,,0.5,1.5,.333,.333,0.5,0.5,1.000,0.0,1.3,1.3,1.3,0.3,0.0,1.0,1.5,1.5
Rich Kelley,C,24,NOJ,82,,25.8,3.7,7.3,.505,,,,3.7,7.3,.505,.505,2.7,3.5,.779,3.0,6.2,9.3,2.8,1.1,1.6,2.7,3.6,10.2
Larry Kenon,SF,25,SAS,81,,35.4,8.6,17.6,.489,,,,8.6,17.6,.489,.489,3.4,4.0,.854,3.0,6.5,9.5,3.3,1.4,0.3,3.4,2.6,20.6
Bernard King,SF,21,NJN,79,,39.1,10.1,21.1,.479,,,,10.1,21.1,.479,.479,4.0,5.8,.677,3.4,6.2,9.5,2.4,1.5,0.5,3.9,3.8,24.2
Billy Knight,SF,25,BUF,53,,40.7,8.6,17.5,.494,,,,8.6,17.5,.494,.494,5.7,7.0,.809,2.4,4.8,7.2,3.0,1.5,0.2,3.2,2.6,22.9
Toby Knight,SF,22,NYK,80,,14.6,2.8,5.8,.477,,,,2.8,5.8,.477,.477,0.8,1.2,.649,1.5,2.5,4.0,0.5,0.6,0.4,1.2,2.6,6.3
Steve Kuberski,PF,30,BOS,3,,4.7,0.3,1.3,.250,,,,0.3,1.3,.250,.250,0.0,0.0,,0.3,1.7,2.0,0.0,0.3,0.0,0.7,0.7,0.7
John Kuester,PG,22,KCK,78,,15.6,1.9,4.1,.455,,,,1.9,4.1,.455,.455,1.1,1.3,.829,0.2,1.2,1.5,3.2,0.7,0.0,1.2,1.8,4.8
Kevin Kunnert,C,26,HOU,80,,26.9,4.6,10.5,.437,,,,4.6,10.5,.437,.437,1.2,1.7,.689,3.3,5.4,8.7,1.2,0.6,1.1,1.8,3.9,10.4
Mitch Kupchak,PF,23,WSB,67,,26.3,5.9,11.5,.512,,,,5.9,11.5,.512,.512,4.2,6.0,.697,2.4,4.4,6.9,1.1,0.4,0.6,2.7,2.9,15.9
C.J. Kupec,SF,25,HOU,49,,12.8,1.7,4.0,.426,,,,1.7,4.0,.426,.426,0.6,0.7,.818,0.6,1.3,1.9,1.0,0.2,0.1,0.5,1.1,4.0
Sam Lacey,C,29,KCK,77,,27.7,3.4,7.7,.449,,,,3.4,7.7,.449,.449,1.7,2.4,.717,2.0,6.3,8.3,3.9,1.6,1.4,2.4,3.4,8.6
Tom LaGarde,C,22,DEN,77,,11.3,1.2,3.1,.405,,,,1.2,3.1,.405,.405,1.5,1.9,.760,1.0,1.8,2.8,0.6,0.2,0.2,1.3,1.9,4.0
John Lambert,PF,25,CLE,76,,14.1,1.9,4.4,.423,,,,1.9,4.4,.423,.423,0.4,0.6,.563,1.6,2.6,4.3,0.5,0.4,0.7,0.8,2.2,4.1
Mark Landsberger,PF,22,CHI,62,,14.9,2.0,4.0,.506,,,,2.0,4.0,.506,.506,1.5,2.5,.580,1.8,3.1,4.9,0.7,0.3,0.1,1.1,1.3,5.6
Bob Lanier,C,29,DET,63,,36.7,9.9,18.4,.537,,,,9.9,18.4,.537,.537,4.7,6.1,.772,3.1,8.2,11.3,3.4,1.3,1.5,3.6,2.9,24.5
Rich Laurel,SG,23,MIL,10,,5.7,1.0,3.1,.323,,,,1.0,3.1,.323,.323,0.4,0.4,1.000,0.6,0.4,1.0,0.3,0.3,0.1,0.4,1.0,2.4
Mo Layton,PG,29,SAS,41,,12.1,2.1,4.1,.506,,,,2.1,4.1,.506,.506,0.3,0.3,.923,0.1,0.7,0.8,2.6,0.5,0.1,1.4,1.2,4.4
Ron Lee,PG,25,PHO,82,,23.5,5.1,11.6,.439,,,,5.1,11.6,.439,.439,2.1,2.8,.746,1.2,1.9,3.1,3.7,2.7,0.2,2.7,3.1,12.2
Scott Lloyd,C,25,TOT,70,,9.7,1.1,2.8,.415,,,,1.1,2.8,.415,.415,0.7,1.0,.721,0.7,1.3,2.1,0.6,0.2,0.2,0.6,1.5,3.0
Scott Lloyd,C,25,MIL,14,,8.0,0.9,2.4,.364,,,,0.9,2.4,.364,.364,0.4,0.7,.600,0.5,1.4,1.9,0.6,0.2,0.4,0.5,1.6,2.1
Scott Lloyd,C,25,BUF,56,,10.1,1.2,2.9,.425,,,,1.2,2.9,.425,.425,0.8,1.0,.741,0.8,1.3,2.1,0.6,0.2,0.2,0.6,1.5,3.2
John Lucas,PG,24,HOU,82,,35.8,5.0,11.5,.435,,,,5.0,11.5,.435,.435,2.4,3.0,.772,0.6,2.5,3.1,9.4,2.0,0.1,2.6,2.5,12.4
Maurice Lucas,PF,25,POR,68,,31.2,6.7,14.5,.458,,,,6.7,14.5,.458,.458,3.0,4.0,.767,2.7,6.4,9.1,2.5,0.9,0.8,2.8,3.3,16.4
Moses Malone,C,22,HOU,59,,35.7,7.0,14.0,.499,,,,7.0,14.0,.499,.499,5.4,7.5,.718,6.4,8.6,15.0,0.5,0.8,1.3,3.7,3.0,19.4
Pete Maravich,SG,30,NOJ,50,,40.8,11.1,25.1,.444,,,,11.1,25.1,.444,.444,4.8,5.5,.870,1.0,2.6,3.6,6.7,2.0,0.2,5.0,2.3,27.0
Ricky Marsh,SG,23,GSW,60,,14.2,2.1,4.8,.426,,,,2.1,4.8,.426,.426,0.4,0.6,.697,0.3,1.0,1.3,1.5,0.5,0.3,0.8,1.9,4.5
Cedric Maxwell,SF,22,BOS,72,,16.8,2.4,4.4,.538,,,,2.4,4.4,.538,.538,2.6,3.5,.752,1.9,3.3,5.3,0.9,0.7,0.7,1.7,2.1,7.3
Scott May,SF,23,CHI,55,,32.8,5.1,11.2,.454,,,,5.1,11.2,.454,.454,3.2,3.9,.810,2.1,3.9,6.0,2.1,0.9,0.1,2.3,3.1,13.4
Bob McAdoo,C,26,NYK,79,,40.3,10.3,19.8,.520,,,,10.3,19.8,.520,.520,5.9,8.2,.727,3.0,9.8,12.8,3.8,1.3,1.6,4.4,3.8,26.5
Andre McCarter,PG,24,KCK,1,,9.0,0.0,2.0,.000,,,,0.0,2.0,.000,.000,0.0,0.0,,0.0,1.0,1.0,0.0,0.0,0.0,0.0,1.0,0.0
Ted McClain,PG,31,TOT,70,,14.6,1.8,4.0,.439,,,,1.8,4.0,.439,.439,0.8,1.0,.781,0.3,1.3,1.6,2.2,0.8,0.1,1.3,1.8,4.3
Ted McClain,PG,31,BUF,41,,17.7,2.0,4.5,.440,,,,2.0,4.5,.440,.440,1.2,1.5,.794,0.3,1.6,1.8,3.0,1.0,0.0,1.7,2.1,5.2
Ted McClain,PG,31,PHI,29,,10.1,1.4,3.3,.438,,,,1.4,3.3,.438,.438,0.2,0.3,.700,0.3,1.0,1.3,1.2,0.6,0.1,0.8,1.2,3.1
Jim McDaniels,C,29,BUF,42,,16.5,2.4,5.6,.427,,,,2.4,5.6,.427,.427,0.9,1.0,.857,1.1,3.2,4.3,1.0,0.1,0.9,1.2,2.7,5.6
Jim McElroy,PG,24,NOJ,74,,23.8,3.9,8.2,.473,,,,3.9,8.2,.473,.473,1.7,2.3,.737,0.6,1.4,2.0,3.9,0.8,0.5,1.9,1.5,9.4
George McGinnis,PF,27,PHI,78,,32.5,7.5,16.3,.463,,,,7.5,16.3,.463,.463,5.3,7.4,.716,3.6,6.8,10.4,3.8,1.8,0.3,4.0,3.7,20.3
Tom McMillen,C,25,ATL,68,,24.8,4.1,8.4,.493,,,,4.1,8.4,.493,.493,1.7,2.1,.800,2.2,3.9,6.1,1.2,0.5,0.2,1.6,3.4,9.9
Jim McMillian,SF,29,NYK,81,,24.4,3.6,7.7,.462,,,,3.6,7.7,.462,.462,1.4,1.7,.858,1.0,2.6,3.6,2.5,0.9,0.2,1.3,1.4,8.5
Larry McNeill,PF,27,TOT,46,,20.4,3.5,7.7,.455,,,,3.5,7.7,.455,.455,3.2,3.8,.829,1.7,2.7,4.4,1.0,0.4,0.2,1.5,2.5,10.2
Larry McNeill,PF,27,GSW,9,,7.4,0.7,2.0,.333,,,,0.7,2.0,.333,.333,1.7,2.1,.789,0.2,1.3,1.6,0.2,0.0,0.1,0.8,1.6,3.0
Larry McNeill,PF,27,BUF,37,,23.6,4.2,9.1,.462,,,,4.2,9.1,.462,.462,3.5,4.2,.833,2.1,3.0,5.1,1.2,0.5,0.3,1.6,2.7,11.9
John Mengelt,SG,28,CHI,81,,21.8,4.0,8.3,.481,,,,4.0,8.3,.481,.481,2.3,2.9,.773,0.5,1.1,1.6,2.9,0.6,0.0,1.5,2.1,10.3
Joe Meriweather,C,24,NOJ,54,,23.6,3.6,7.6,.472,,,,3.6,7.6,.472,.472,1.6,2.5,.654,2.5,4.4,6.9,1.1,0.3,2.2,1.7,3.5,8.8
Dave Meyers,PF,24,MIL,80,,30.2,5.4,11.7,.461,,,,5.4,11.7,.461,.461,3.9,5.4,.722,1.8,4.9,6.7,3.0,1.1,0.6,2.7,3.0,14.7
Steve Mix,SF,30,PHI,82,,22.2,3.5,6.8,.520,,,,3.5,6.8,.520,.520,2.1,2.7,.795,1.2,2.5,3.6,2.1,1.1,0.0,1.6,1.9,9.2
Larry Moffett,SF,23,HOU,20,,5.5,0.3,0.9,.294,,,,0.3,0.9,.294,.294,0.3,0.5,.600,0.5,0.6,1.1,0.4,0.1,0.1,0.4,0.8,0.8
Eric Money,PG,22,DET,76,,33.6,7.9,15.8,.500,,,,7.9,15.8,.500,.500,2.8,3.9,.718,1.2,1.6,2.8,4.7,1.6,0.2,4.2,3.1,18.6
Earl Monroe,SG,33,NYK,76,,31.2,7.3,14.8,.495,,,,7.3,14.8,.495,.495,3.2,3.8,.832,0.6,1.8,2.4,4.8,0.8,0.3,2.4,2.5,17.8
Glenn Mosley,PF,22,PHI,6,,3.5,0.8,2.2,.385,,,,0.8,2.2,.385,.385,0.5,1.2,.429,0.0,0.8,0.8,0.3,0.0,0.0,0.8,0.8,2.2
Calvin Murphy,SG,29,HOU,76,,38.2,11.2,22.9,.491,,,,11.2,22.9,.491,.491,3.2,3.5,.918,0.8,1.4,2.2,3.4,1.5,0.0,2.3,3.2,25.6
Bob Nash,SF,27,KCK,66,,12.1,2.4,4.6,.516,,,,2.4,4.6,.516,.516,0.8,1.0,.725,1.1,1.4,2.6,0.7,0.4,0.3,0.7,1.1,5.5
Swen Nater,C,28,BUF,78,,35.6,6.4,12.7,.504,,,,6.4,12.7,.504,.504,2.7,3.5,.765,3.6,9.6,13.2,2.8,0.5,0.6,2.9,3.5,15.5
Lloyd Neal,PF,27,POR,61,,19.2,4.5,8.9,.504,,,,4.5,8.9,.504,.504,2.1,2.9,.718,1.9,4.2,6.1,1.3,0.5,0.3,1.6,2.1,11.0
Louie Nelson,SG,26,TOT,33,,12.3,2.6,6.4,.403,,,,2.6,6.4,.403,.403,1.7,2.5,.679,0.4,1.2,1.6,1.0,0.7,0.2,1.5,1.0,6.9
Louie Nelson,SG,26,KCK,8,,6.6,0.4,1.8,.214,,,,0.4,1.8,.214,.214,1.1,1.4,.818,0.1,0.3,0.4,0.6,0.3,0.1,1.0,0.6,1.9
Louie Nelson,SG,26,NJN,25,,14.1,3.3,7.9,.416,,,,3.3,7.9,.416,.416,1.9,2.9,.658,0.5,1.5,2.0,1.2,0.8,0.2,1.6,1.1,8.5
Johnny Neumann,SG,26,IND,20,,10.8,1.8,4.3,.407,,,,1.8,4.3,.407,.407,0.7,0.9,.722,0.3,0.5,0.7,1.4,0.3,0.1,1.1,1.2,4.2
Mike Newlin,SG,29,HOU,45,,26.2,4.8,11.0,.436,,,,4.8,11.0,.436,.436,3.4,3.9,.874,0.8,1.9,2.7,4.5,1.2,0.2,2.7,2.8,13.0
Norm Nixon,PG,22,LAL,81,,34.3,6.1,12.3,.497,,,,6.1,12.3,.497,.497,1.4,2.0,.714,0.5,2.4,3.0,6.8,1.7,0.1,3.1,3.2,13.7
Willie Norwood,SF,30,TOT,35,,17.5,2.1,5.2,.409,,,,2.1,5.2,.409,.409,1.4,2.1,.667,1.4,2.0,3.4,0.9,0.9,0.1,1.6,2.9,5.7
Willie Norwood,SF,30,DET,16,,16.3,2.1,5.1,.415,,,,2.1,5.1,.415,.415,1.3,1.8,.690,1.7,1.7,3.4,0.9,0.8,0.2,1.1,2.8,5.5
Willie Norwood,SF,30,POR,19,,18.5,2.1,5.2,.404,,,,2.1,5.2,.404,.404,1.6,2.4,.652,1.2,2.3,3.4,1.0,0.9,0.0,2.1,2.9,5.8
Mark Olberding,PF,21,SAS,79,,22.4,2.9,6.1,.481,,,,2.9,6.1,.481,.481,2.3,2.9,.811,1.3,3.4,4.7,1.7,0.6,0.3,1.5,3.0,8.2
Eddie Owens,SF,24,BUF,8,,7.9,1.1,2.6,.429,,,,1.1,2.6,.429,.429,0.4,0.8,.500,0.6,0.6,1.3,0.6,0.1,0.0,0.4,1.1,2.6
Tom Owens,C,28,POR,82,,20.9,3.8,7.8,.490,,,,3.8,7.8,.490,.490,2.5,3.4,.741,2.4,4.2,6.6,2.0,0.4,0.5,1.9,3.2,10.1
Joe Pace,C,24,WSB,49,,8.9,1.4,2.9,.479,,,,1.4,2.9,.479,.479,1.2,1.9,.613,1.0,1.7,2.7,0.5,0.2,0.4,0.9,1.8,3.9
Robert Parish,C,24,GSW,82,,24.0,5.2,11.1,.472,,,,5.2,11.1,.472,.472,2.0,3.2,.625,2.6,5.7,8.3,1.2,1.0,1.5,2.5,3.5,12.5
Sonny Parker,SF,22,GSW,82,,25.2,5.0,9.5,.519,,,,5.0,9.5,.519,.519,1.5,2.1,.705,2.0,2.7,4.7,1.9,1.6,0.4,1.6,2.3,11.4
Billy Paultz,C,29,SAS,80,,31.0,6.5,12.2,.529,,,,6.5,12.2,.529,.529,2.9,3.8,.752,2.2,6.3,8.4,2.7,0.5,2.4,2.1,2.8,15.8
Curtis Perry,PF,29,PHO,45,,18.2,2.4,5.4,.453,,,,2.4,5.4,.453,.453,1.1,1.4,.785,1.9,3.6,5.6,1.1,0.8,0.5,1.4,2.7,6.0
Cliff Pondexter,PF,23,CHI,44,,12.1,0.8,1.9,.435,,,,0.8,1.9,.435,.435,0.3,0.5,.700,0.8,2.1,3.0,2.0,0.4,0.3,0.7,1.5,2.0
Ben Poquette,PF,22,DET,52,,12.0,1.8,4.3,.422,,,,1.8,4.3,.422,.422,0.8,1.2,.700,1.0,1.8,2.8,0.4,0.2,0.4,0.8,1.3,4.5
Howard Porter,SF,29,TOT,63,,21.0,4.9,10.1,.487,,,,4.9,10.1,.487,.487,2.0,2.5,.800,1.6,2.8,4.4,0.7,0.5,0.6,0.9,2.1,11.8
Howard Porter,SF,29,DET,8,,13.4,2.0,5.4,.372,,,,2.0,5.4,.372,.372,0.5,0.9,.571,0.6,1.5,2.1,0.3,0.4,0.6,0.6,1.9,4.5
Howard Porter,SF,29,NJN,55,,22.1,5.3,10.8,.495,,,,5.3,10.8,.495,.495,2.2,2.7,.811,1.7,3.0,4.8,0.7,0.5,0.6,0.9,2.2,12.8
Kevin Porter,PG,27,TOT,82,,34.3,6.0,12.9,.469,,,,6.0,12.9,.469,.469,3.0,3.9,.763,0.6,2.0,2.6,10.2,1.5,0.2,4.4,3.5,15.0
Kevin Porter,PG,27,DET,8,,15.9,1.8,3.9,.452,,,,1.8,3.9,.452,.452,1.1,1.6,.692,0.6,1.3,1.9,4.5,0.6,0.0,1.5,2.3,4.6
Kevin Porter,PG,27,NJN,74,,36.3,6.5,13.8,.470,,,,6.5,13.8,.470,.470,3.2,4.1,.765,0.6,2.0,2.7,10.8,1.6,0.2,4.7,3.6,16.2
Jim Price,PG,28,TOT,83,,23.2,3.5,7.9,.448,,,,3.5,7.9,.448,.448,1.6,2.0,.799,0.7,2.4,3.1,3.1,1.4,0.1,2.1,2.4,8.7
Jim Price,PG,28,DEN,49,,22.2,2.9,6.0,.481,,,,2.9,6.0,.481,.481,1.0,1.3,.773,0.6,2.6,3.2,3.2,1.4,0.1,2.1,2.4,6.8
Jim Price,PG,28,DET,34,,24.7,4.5,10.7,.421,,,,4.5,10.7,.421,.421,2.5,3.0,.816,0.8,2.2,3.0,3.0,1.3,0.1,2.2,2.4,11.5
Ed Ratleff,SF,27,HOU,68,,17.1,1.9,4.6,.419,,,,1.9,4.6,.419,.419,0.6,0.7,.830,0.8,1.6,2.4,2.3,0.9,0.3,1.0,1.6,4.4
Clifford Ray,C,29,GSW,79,,28.7,3.4,6.0,.571,,,,3.4,6.0,.571,.571,1.9,3.1,.609,3.0,6.6,9.6,1.9,0.9,1.1,1.9,3.7,8.8
Robert Reid,SF,22,HOU,80,,23.1,3.3,7.2,.455,,,,3.3,7.2,.455,.455,0.8,1.2,.656,1.4,3.1,4.5,1.5,0.8,0.6,1.0,3.5,7.3
Kevin Restani,PF,26,TOT,54,,10.1,1.3,3.1,.431,,,,1.3,3.1,.431,.431,0.2,0.2,.692,0.7,1.3,2.0,0.6,0.1,0.1,0.3,0.8,2.8
Kevin Restani,PF,26,MIL,8,,10.5,1.6,3.5,.464,,,,1.6,3.5,.464,.464,0.0,0.3,.000,0.5,1.3,1.8,1.1,0.0,0.1,0.3,0.5,3.3
Kevin Restani,PF,26,KCK,46,,10.1,1.3,3.0,.424,,,,1.3,3.0,.424,.424,0.2,0.2,.818,0.7,1.3,2.0,0.5,0.1,0.1,0.3,0.8,2.8
Anthony Roberts,SF,22,DEN,82,,19.5,3.8,9.0,.423,,,,3.8,9.0,.423,.423,1.9,2.6,.722,1.6,2.6,4.3,1.3,0.5,0.1,1.4,2.6,9.5
Tony Robertson,SG,22,ATL,63,,14.7,2.7,6.0,.441,,,,2.7,6.0,.441,.441,0.6,0.8,.698,0.2,0.9,1.1,1.6,1.2,0.1,1.4,2.1,5.9
Truck Robinson,PF,26,NOJ,82,,44.4,9.1,20.5,.444,,,,9.1,20.5,.444,.444,4.5,7.0,.640,3.6,12.1,15.7,2.1,0.9,1.0,3.7,3.2,22.7
Bill Robinzine,PF,25,KCK,82,,21.3,3.7,8.3,.451,,,,3.7,8.3,.451,.451,2.5,3.3,.760,2.1,4.5,6.6,0.9,0.9,0.1,2.1,3.4,10.0
Dave Robisch,C,28,TOT,78,,16.4,2.3,5.5,.412,,,,2.3,5.5,.412,.412,1.3,1.7,.775,1.3,3.2,4.5,1.1,0.5,0.4,0.9,1.7,5.8
Dave Robisch,C,28,IND,23,,26.0,3.2,7.9,.403,,,,3.2,7.9,.403,.403,2.2,2.8,.781,2.0,5.5,7.5,2.1,0.9,0.7,1.5,2.6,8.5
Dave Robisch,C,28,LAL,55,,12.3,1.9,4.5,.418,,,,1.9,4.5,.418,.418,0.9,1.2,.769,1.0,2.3,3.3,0.7,0.3,0.3,0.7,1.3,4.7
Tree Rollins,C,22,ATL,80,,22.4,3.2,6.5,.487,,,,3.2,6.5,.487,.487,1.3,1.9,.703,2.2,4.7,6.9,1.0,0.7,2.7,1.5,4.1,7.6
Dan Roundfield,PF,24,IND,79,,30.7,5.3,10.9,.489,,,,5.3,10.9,.489,.489,2.8,3.8,.727,3.5,6.7,10.2,2.5,1.0,1.9,2.5,3.8,13.4
Curtis Rowe,PF,28,BOS,51,,17.9,2.4,5.4,.451,,,,2.4,5.4,.451,.451,1.3,1.7,.742,1.5,2.5,4.0,0.9,0.3,0.2,1.5,1.8,6.1
Campy Russell,SF,26,CLE,72,,35.0,7.3,16.2,.448,,,,7.3,16.2,.448,.448,4.9,6.5,.751,2.1,4.2,6.4,3.9,1.2,0.2,2.9,2.7,19.4
Cazzie Russell,SF,33,CHI,36,,21.9,3.7,8.4,.438,,,,3.7,8.4,.438,.438,1.4,1.6,.860,0.9,1.4,2.3,1.7,0.5,0.1,1.0,1.8,8.8
Fred Saunders,SF,26,TOT,56,,11.5,1.8,4.2,.423,,,,1.8,4.2,.423,.423,0.5,0.6,.722,0.7,1.3,2.0,0.8,0.4,0.3,0.8,1.9,4.0
Fred Saunders,SF,26,BOS,26,,9.3,1.2,3.5,.330,,,,1.2,3.5,.330,.330,0.5,0.7,.824,0.4,1.0,1.4,0.4,0.3,0.2,0.8,1.3,2.8
Fred Saunders,SF,26,NOJ,30,,13.3,2.3,4.8,.483,,,,2.3,4.8,.483,.483,0.4,0.6,.632,0.9,1.6,2.5,1.2,0.5,0.3,0.7,2.4,5.0
Dale Schlueter,C,32,POR,10,,10.9,0.8,1.9,.421,,,,0.8,1.9,.421,.421,0.9,1.8,.500,0.5,1.6,2.1,1.8,0.3,0.2,1.5,2.0,2.5
Alvin Scott,SF,22,PHO,81,,19.0,2.2,4.6,.488,,,,2.2,4.6,.488,.488,1.6,2.4,.691,1.7,2.7,4.4,1.1,0.6,0.5,1.0,2.0,6.1
Charlie Scott,SG,29,TOT,79,,31.3,5.5,12.6,.438,,,,5.5,12.6,.438,.438,2.5,3.3,.746,0.8,2.4,3.2,4.8,1.4,0.2,3.0,3.2,13.5
Charlie Scott,SG,29,BOS,31,,34.8,6.8,15.6,.433,,,,6.8,15.6,.433,.433,2.7,3.8,.712,0.8,2.5,3.3,4.6,1.6,0.2,3.4,3.1,16.3
Charlie Scott,SG,29,LAL,48,,29.0,4.7,10.6,.442,,,,4.7,10.6,.442,.442,2.3,3.0,.775,0.8,2.3,3.1,4.9,1.2,0.2,2.8,3.2,11.7
Bruce Seals,SF,24,SEA,73,,18.1,3.2,7.5,.417,,,,3.2,7.5,.417,.417,1.5,2.4,.634,0.8,2.2,3.1,1.1,0.6,0.5,1.4,2.9,7.8
Lonnie Shelton,PF,22,NYK,82,,28.3,6.2,12.0,.514,,,,6.2,12.0,.514,.514,2.5,3.4,.736,2.5,4.6,7.1,2.4,1.3,1.4,2.8,4.3,14.9
Steve Sheppard,SF,23,CHI,64,,10.9,1.9,4.1,.454,,,,1.9,4.1,.454,.454,0.6,0.9,.661,1.0,1.0,2.0,0.7,0.2,0.0,0.7,1.1,4.3
John Shumate,PF,25,TOT,80,,34.5,4.9,9.7,.506,,,,4.9,9.7,.506,.506,5.0,6.4,.787,2.0,6.6,8.5,2.3,1.1,0.7,2.9,2.5,14.8
John Shumate,PF,25,BUF,18,,32.8,4.2,8.4,.497,,,,4.2,8.4,.497,.497,4.1,5.5,.747,1.8,5.3,7.1,3.2,0.8,0.5,2.6,3.2,12.4
John Shumate,PF,25,DET,62,,35.0,5.1,10.0,.508,,,,5.1,10.0,.508,.508,5.3,6.6,.797,2.0,6.9,8.9,2.0,1.2,0.7,3.0,2.3,15.5
Jack Sikma,C,22,SEA,82,,27.3,4.2,9.2,.455,,,,4.2,9.2,.455,.455,2.3,3.0,.777,2.4,5.9,8.3,1.6,0.8,0.5,2.3,3.7,10.7
James Silas,PG,28,SAS,37,,8.4,1.2,2.6,.443,,,,1.2,2.6,.443,.443,1.6,2.0,.822,0.1,0.5,0.6,1.0,0.3,0.0,0.8,0.8,3.9
Paul Silas,PF,34,SEA,82,,26.5,2.2,5.7,.397,,,,2.2,5.7,.397,.397,1.3,2.3,.586,3.5,4.6,8.1,1.8,0.8,0.2,1.9,2.2,5.8
Ralph Simpson,SG,28,TOT,64,,20.7,3.4,9.0,.375,,,,3.4,9.0,.375,.375,1.3,1.6,.817,0.8,1.6,2.5,2.5,1.2,0.1,2.0,1.4,8.1
Ralph Simpson,SG,28,DET,32,,23.1,4.5,10.8,.413,,,,4.5,10.8,.413,.413,1.7,2.0,.844,0.8,1.7,2.6,2.7,1.0,0.1,2.4,1.5,10.6
Ralph Simpson,SG,28,DEN,32,,18.3,2.3,7.2,.317,,,,2.3,7.2,.317,.317,1.0,1.3,.775,0.8,1.5,2.3,2.3,1.3,0.1,1.5,1.3,5.5
Scott Sims,PG,22,SAS,12,,7.9,0.8,2.2,.385,,,,0.8,2.2,.385,.385,0.8,1.3,.667,0.4,0.7,1.1,1.7,0.3,0.0,1.6,1.3,2.5
Al Skinner,SG,25,TOT,77,,20.1,2.9,6.3,.455,,,,2.9,6.3,.455,.455,2.1,2.6,.798,0.9,2.0,2.9,1.9,0.8,0.3,2.1,3.1,7.9
Al Skinner,SG,25,NJN,8,,34.6,5.1,12.6,.406,,,,5.1,12.6,.406,.406,4.9,5.5,.886,1.8,4.8,6.5,4.1,1.6,0.6,3.6,4.3,15.1
Al Skinner,SG,25,DET,69,,18.5,2.6,5.6,.468,,,,2.6,5.6,.468,.468,1.8,2.3,.774,0.8,1.7,2.5,1.6,0.8,0.2,1.9,3.0,7.0
Bingo Smith,SG,31,CLE,82,,19.3,4.5,10.2,.439,,,,4.5,10.2,.439,.439,1.3,1.6,.800,0.8,1.7,2.5,1.1,0.5,0.3,1.0,1.9,10.3
Elmore Smith,C,28,CLE,81,,24.6,5.0,10.0,.497,,,,5.0,10.0,.497,.497,2.5,3.8,.663,2.2,6.2,8.4,0.7,0.6,2.2,1.7,3.0,12.5
Phil Smith,SG,25,GSW,82,,35.9,7.9,16.7,.472,,,,7.9,16.7,.472,.472,3.9,4.7,.812,1.2,2.4,3.7,4.8,1.3,0.3,3.2,2.7,19.7
Randy Smith,SG,29,BUF,82,,40.4,9.6,20.7,.465,,,,9.6,20.7,.465,.465,5.4,6.8,.800,1.3,2.4,3.8,5.6,2.1,0.1,3.5,2.7,24.6
Robert Smith,PG,22,DEN,45,,8.4,1.1,2.2,.515,,,,1.1,2.2,.515,.515,0.5,0.5,.875,0.1,0.7,0.8,0.9,0.4,0.1,0.4,1.2,2.7
Willie Smith,PG,24,IND,1,,7.0,0.0,0.0,,,,,0.0,0.0,,,0.0,0.0,,0.0,0.0,0.0,1.0,0.0,0.0,0.0,1.0,0.0
Dick Snyder,SG,33,CLE,58,,11.4,1.9,4.3,.444,,,,1.9,4.3,.444,.444,1.0,1.1,.875,0.2,0.7,0.8,1.0,0.4,0.3,0.8,1.3,4.8
Ricky Sobers,PG,25,IND,79,,38.2,7.0,15.5,.453,,,,7.0,15.5,.453,.453,4.2,5.1,.825,1.2,3.0,4.1,7.4,2.2,0.3,4.5,3.9,18.2
Kevin Stacom,SG,26,BOS,55,,18.3,3.7,8.8,.426,,,,3.7,8.8,.426,.426,1.0,1.3,.761,0.5,1.5,1.9,2.0,0.5,0.1,1.3,1.1,8.5
Larry Steele,SG,28,POR,65,,17.4,3.2,6.9,.470,,,,3.2,6.9,.470,.470,1.5,1.9,.820,0.5,1.2,1.7,1.3,0.9,0.1,1.0,2.1,8.0
Earl Tatum,SG,24,TOT,82,,30.8,6.2,13.3,.469,,,,6.2,13.3,.469,.469,1.9,2.4,.781,1.0,2.6,3.6,3.6,1.7,0.5,2.2,3.1,14.3
Earl Tatum,SG,24,LAL,25,,26.5,6.1,12.6,.487,,,,6.1,12.6,.487,.487,1.8,2.4,.763,0.9,2.7,3.6,2.8,1.5,0.4,2.1,3.4,14.0
Earl Tatum,SG,24,IND,57,,32.6,6.3,13.6,.462,,,,6.3,13.6,.462,.462,1.9,2.4,.788,1.0,2.6,3.6,4.0,1.8,0.5,2.3,3.0,14.4
Brian Taylor,PG,26,DEN,39,,31.3,4.7,10.3,.452,,,,4.7,10.3,.452,.452,2.3,2.9,.765,0.8,1.7,2.5,3.4,1.8,0.2,2.0,3.1,11.6
Claude Terry,SG,28,ATL,27,,6.1,0.9,2.5,.368,,,,0.9,2.5,.368,.368,0.3,0.4,.818,0.1,0.4,0.6,0.3,0.2,0.0,0.3,0.5,2.2
David Thompson,SG,23,DEN,80,,37.8,10.3,19.8,.521,,,,10.3,19.8,.521,.521,6.5,8.4,.778,2.0,2.9,4.9,4.5,1.2,1.2,3.1,2.7,27.2
Dean Tolson,PF,26,SEA,1,,7.0,0.0,1.0,.000,,,,0.0,1.0,.000,.000,0.0,0.0,,0.0,0.0,0.0,2.0,0.0,0.0,1.0,2.0,0.0
Rudy Tomjanovich,SF,29,HOU,23,,36.9,9.4,19.4,.485,,,,9.4,19.4,.485,.485,2.7,3.5,.753,1.7,4.3,6.0,1.4,0.7,0.2,1.7,2.7,21.5
Dave Twardzik,PG,27,POR,75,,24.3,3.2,5.5,.592,,,,3.2,5.5,.592,.592,2.4,3.1,.782,0.5,1.3,1.8,3.3,1.4,0.1,2.1,2.5,8.9
Wes Unseld,C,31,WSB,80,,33.1,3.2,6.1,.523,,,,3.2,6.1,.523,.523,1.2,2.2,.538,3.6,8.4,11.9,4.1,1.2,0.6,2.2,2.9,7.6
Jan Van Breda Kolff,SF,26,NJN,68,,20.9,1.6,4.3,.366,,,,1.6,4.3,.366,.366,1.3,1.8,.707,1.0,2.6,3.6,1.5,0.8,0.7,1.1,2.8,4.4
Norm Van Lier,PG,30,CHI,78,,32.4,2.6,6.1,.419,,,,2.6,6.1,.419,.419,2.2,2.9,.751,1.1,2.5,3.6,6.8,1.8,0.1,2.6,3.6,7.3
Foots Walker,PG,26,CLE,81,,30.8,3.5,7.9,.448,,,,3.5,7.9,.448,.448,2.0,2.7,.719,0.9,2.7,3.6,5.6,2.2,0.3,2.2,2.7,9.0
Phil Walker,SG,21,WSB,40,,9.6,1.4,4.0,.354,,,,1.4,4.0,.354,.354,1.6,2.4,.667,0.5,0.8,1.3,1.4,0.4,0.1,1.6,1.0,4.5
Wally Walker,SF,23,TOT,77,,14.3,2.6,6.0,.443,,,,2.6,6.0,.443,.443,1.0,1.6,.625,1.1,1.7,2.8,1.0,0.3,0.1,1.0,1.8,6.3
Wally Walker,SF,23,POR,9,,11.2,2.1,4.6,.463,,,,2.1,4.6,.463,.463,0.6,0.9,.625,0.8,1.1,1.9,0.9,0.2,0.0,1.2,1.4,4.8
Wally Walker,SF,23,SEA,68,,14.8,2.7,6.2,.440,,,,2.7,6.2,.440,.440,1.0,1.6,.625,1.2,1.8,3.0,1.0,0.4,0.1,1.0,1.8,6.5
Bill Walton,C,25,POR,58,,33.3,7.9,15.2,.522,,,,7.9,15.2,.522,.522,3.1,4.2,.720,2.0,11.2,13.2,5.0,1.0,2.5,3.6,2.5,18.9
Lloyd Walton,PG,24,MIL,76,,16.6,2.0,4.5,.448,,,,2.0,4.5,.448,.448,0.7,1.1,.651,0.3,0.7,1.0,3.3,1.0,0.2,1.4,1.2,4.8
Kermit Washington,PF,26,TOT,57,,28.4,4.3,8.9,.487,,,,4.3,8.9,.487,.487,3.0,4.3,.691,3.8,7.0,10.8,1.3,0.8,1.1,1.9,3.3,11.6
Kermit Washington,PF,26,LAL,25,,30.0,4.4,9.8,.451,,,,4.4,9.8,.451,.451,2.7,4.4,.618,4.4,6.8,11.2,1.2,0.8,1.0,2.1,3.0,11.5
Kermit Washington,PF,26,BOS,32,,27.1,4.3,8.2,.521,,,,4.3,8.2,.521,.521,3.2,4.3,.750,3.3,7.2,10.5,1.3,0.9,1.3,1.7,3.6,11.8
Richard Washington,PF,22,KCK,78,,28.6,5.4,11.4,.477,,,,5.4,11.4,.477,.477,1.9,2.6,.754,2.4,6.0,8.4,1.5,0.9,0.9,2.4,4.2,12.8
Wilson Washington,PF,22,TOT,38,,14.8,2.6,5.4,.485,,,,2.6,5.4,.485,.485,0.8,1.4,.547,1.3,2.8,4.1,0.3,0.5,1.0,1.7,2.0,6.0
Wilson Washington,PF,22,PHI,14,,2.7,0.6,1.4,.421,,,,0.6,1.4,.421,.421,0.2,0.4,.500,0.1,0.9,1.0,0.1,0.1,0.1,0.7,0.2,1.4
Wilson Washington,PF,22,NJN,24,,21.8,3.8,7.8,.492,,,,3.8,7.8,.492,.492,1.1,2.0,.553,2.0,3.9,5.9,0.4,0.7,1.5,2.2,3.0,8.8
Slick Watts,PG,26,TOT,71,,22.3,3.1,7.9,.392,,,,3.1,7.9,.392,.392,1.3,2.2,.590,0.8,1.7,2.5,4.1,1.5,0.4,2.4,2.6,7.5
Slick Watts,PG,26,SEA,32,,25.3,3.4,8.5,.404,,,,3.4,8.5,.404,.404,0.9,1.7,.566,0.7,1.9,2.5,4.2,1.7,0.4,2.9,2.8,7.8
Slick Watts,PG,26,NOJ,39,,19.9,2.8,7.3,.381,,,,2.8,7.3,.381,.381,1.6,2.6,.602,1.0,1.5,2.5,4.1,1.4,0.4,1.9,2.5,7.2
Nick Weatherspoon,SF,27,CHI,41,,14.9,2.1,4.7,.443,,,,2.1,4.7,.443,.443,0.9,1.0,.881,1.4,1.7,3.0,0.8,0.5,0.2,1.2,1.8,5.1
Marvin Webster,C,25,SEA,82,,35.5,5.2,10.4,.502,,,,5.2,10.4,.502,.502,3.5,5.6,.629,4.4,8.2,12.6,2.5,0.6,2.0,3.1,3.2,14.0
Scott Wedman,SF,25,KCK,81,,36.6,7.5,14.7,.509,,,,7.5,14.7,.509,.509,2.7,3.1,.870,1.8,3.9,5.7,2.5,1.2,0.3,2.0,3.0,17.7
Paul Westphal,SG,27,PHO,80,,31.0,10.1,19.6,.516,,,,10.1,19.6,.516,.516,5.0,6.1,.813,0.5,1.5,2.1,5.5,1.7,0.4,3.5,2.0,25.2
Jo Jo White,PG,31,BOS,46,,35.7,6.3,15.0,.419,,,,6.3,15.0,.419,.419,2.2,2.6,.858,1.2,2.8,3.9,4.5,1.1,0.2,2.5,2.4,14.8
Rudy White,SG,24,HOU,21,,10.4,1.5,4.0,.365,,,,1.5,4.0,.365,.365,0.7,0.9,.778,0.4,0.6,1.0,1.0,0.4,0.0,1.0,1.1,3.6
Sidney Wicks,PF,28,BOS,81,,29.8,5.3,11.4,.467,,,,5.3,11.4,.467,.467,2.7,4.1,.660,2.8,5.6,8.3,2.1,0.8,0.6,2.8,3.9,13.4
Bob Wilkerson,SF,23,DEN,81,,34.3,4.7,11.6,.408,,,,4.7,11.6,.408,.408,1.9,2.6,.748,1.2,4.6,5.9,5.4,1.6,0.3,3.6,3.4,11.4
Jamaal Wilkes,SF,24,LAL,51,,29.2,5.4,12.4,.440,,,,5.4,12.4,.440,.440,2.1,2.9,.716,2.2,5.2,7.5,3.6,1.5,0.4,2.1,3.2,12.9
Chuck Williams,PG,31,BUF,73,,27.4,2.8,6.0,.477,,,,2.8,6.0,.477,.477,1.6,1.9,.826,0.4,1.5,1.9,4.3,0.7,0.1,2.1,1.9,7.3
Gus Williams,PG,24,SEA,79,,32.6,7.6,16.9,.451,,,,7.6,16.9,.451,.451,2.9,3.5,.817,1.1,2.2,3.2,3.7,2.3,0.5,2.4,2.5,18.1
Nate Williams,SG,27,TOT,73,,17.1,4.3,9.9,.431,,,,4.3,9.9,.431,.431,1.4,1.7,.835,0.9,1.9,2.8,1.0,0.8,0.5,1.1,2.5,9.9
Nate Williams,SG,27,NOJ,27,,16.1,3.3,7.9,.421,,,,3.3,7.9,.421,.421,1.1,1.4,.838,1.0,2.3,3.3,1.3,0.8,0.4,0.9,2.3,7.8
Nate Williams,SG,27,GSW,46,,17.7,4.8,11.1,.435,,,,4.8,11.1,.435,.435,1.5,1.8,.833,0.8,1.7,2.5,0.9,0.8,0.5,1.3,2.6,11.2
Ray Williams,PG,23,NYK,81,,19.1,3.8,8.5,.443,,,,3.8,8.5,.443,.443,1.8,2.6,.705,1.0,1.5,2.6,4.5,1.3,0.2,3.0,2.6,9.3
John Williamson,SG,26,TOT,75,,36.4,9.6,22.0,.438,,,,9.6,22.0,.438,.438,4.4,5.2,.847,0.9,2.1,3.0,2.9,1.3,0.1,3.0,3.1,23.7
John Williamson,SG,26,IND,42,,34.5,8.0,18.9,.421,,,,8.0,18.9,.421,.421,3.2,3.8,.832,0.8,2.0,2.9,3.1,1.1,0.0,3.0,3.1,19.1
John Williamson,SG,26,NJN,33,,38.8,11.8,25.9,.454,,,,11.8,25.9,.454,.454,6.0,7.0,.857,1.0,2.3,3.2,2.5,1.4,0.3,3.1,3.2,29.5
Bill Willoughby,SF,20,BUF,56,,19.3,2.8,6.5,.430,,,,2.8,6.5,.430,.430,1.1,1.4,.800,1.4,2.6,3.9,0.7,0.4,0.8,1.0,2.3,6.7
Bobby Wilson,SG,27,IND,12,,7.2,1.2,3.0,.389,,,,1.2,3.0,.389,.389,0.2,0.3,.667,0.5,0.5,1.0,0.7,0.2,0.1,0.5,1.3,2.5
Brian Winters,SG,25,MIL,80,,34.4,8.4,18.2,.463,,,,8.4,18.2,.463,.463,3.1,3.7,.840,1.1,2.0,3.1,4.9,1.6,0.3,3.0,3.0,19.9
Willie Wise,SF,30,SEA,2,,5.0,0.0,1.5,.000,,,,0.0,1.5,.000,.000,0.5,2.0,.250,1.0,0.5,1.5,0.0,0.0,0.0,0.0,1.0,0.5
Dave Wohl,PG,28,NJN,10,,11.8,1.2,3.4,.353,,,,1.2,3.4,.353,.353,1.1,1.2,.917,0.1,0.3,0.4,1.3,0.3,0.0,1.6,2.4,3.5
Larry Wright,PG,23,WSB,70,,20.9,4.0,8.1,.496,,,,4.0,8.1,.496,.496,1.1,1.5,.710,0.4,1.0,1.5,3.7,1.0,0.2,1.9,2.8,9.2
